{"cameraMode":{"drawMode":0,"name":"Shaded","section":"Shading Mode"},"sceneLighting":true,"audioPlay":false,"sceneViewState":{"m_AlwaysRefresh":false,"showFog":true,"showSkybox":true,"showFlares":true,"showImageEffects":true,"showParticleSystems":true,"showVisualEffectGraphs":true,"m_FxEnabled":true},"in2DMode":false,"pivot":{"x":433.3077392578125,"y":3.9032671451568605,"z":326.0337219238281},"rotation":{"x":-0.041530024260282519,"y":0.9570471048355103,"z":-0.17445950210094453,"w":-0.22782430052757264},"size":4.219772815704346,"orthographic":false}