{"cameraMode":{"drawMode":0,"name":"Shaded","section":"Shading Mode"},"sceneLighting":true,"audioPlay":false,"sceneViewState":{"m_AlwaysRefresh":false,"showFog":true,"showSkybox":true,"showFlares":true,"showImageEffects":true,"showParticleSystems":true,"showVisualEffectGraphs":true,"m_FxEnabled":true},"in2DMode":false,"pivot":{"x":43.55025863647461,"y":-15.789560317993164,"z":45.055992126464847},"rotation":{"x":0.06369888037443161,"y":0.8783861398696899,"z":-0.45764222741127016,"w":0.12226289510726929},"size":25.722890853881837,"orthographic":false}