{"cameraMode":{"drawMode":0,"name":"Shaded","section":"Shading Mode"},"sceneLighting":true,"audioPlay":false,"sceneViewState":{"m_AlwaysRefresh":false,"showFog":true,"showSkybox":true,"showFlares":true,"showImageEffects":true,"showParticleSystems":true,"showVisualEffectGraphs":true,"m_FxEnabled":true},"in2DMode":false,"pivot":{"x":-0.8305702209472656,"y":5.271732330322266,"z":-41.269073486328128},"rotation":{"x":0.046469930559396747,"y":0.8790197968482971,"z":-0.08758262544870377,"w":0.46637845039367678},"size":6.961611270904541,"orthographic":false}